{
    "variants": {
        "facing=up,powered=false": [{ "model": "observer", "x": 270 },
                                    { "model": "observer2", "x": 270 }],

        "facing=down,powered=false": [{ "model": "observer", "x": 90 },
                                     { "model": "observer2", "x": 90 }],

        "facing=north,powered=false": [{ "model": "observer" },
                                    { "model": "observer2" }],

        "facing=south,powered=false": [{ "model": "observer", "y": 180 },
                                     { "model": "observer2", "y": 180 }],

        "facing=west,powered=false": [{ "model": "observer", "y": 270 },
                                    { "model": "observer2", "y": 270 }],

        "facing=east,powered=false": [{ "model": "observer", "y": 90 },
                                     { "model": "observer2", "y": 90 }],

        "facing=up,powered=true": [{ "model": "observer_powered", "x": 270 },
                                    { "model": "observer_powered2", "x": 270 }],


        "facing=down,powered=true": [{ "model": "observer_powered", "x": 90 },
                                    { "model": "observer_powered2", "x": 90 }],

        "facing=north,powered=true": [{ "model": "observer_powered" },
                                    { "model": "observer_powered2" }],

        "facing=south,powered=true": [{ "model": "observer_powered", "y": 180 },
                                     { "model": "observer_powered2", "y": 180 }],

        "facing=west,powered=true": [{ "model": "observer_powered", "y": 270 },
                                    { "model": "observer_powered2", "y": 270 }],

        "facing=east,powered=true": [{ "model": "observer_powered", "y": 90 },  
                                     { "model": "observer_powered2", "y": 90 }]

       }
}
